{"cameraMode":{"drawMode":0,"name":"Shaded","section":"Shading Mode"},"sceneLighting":true,"audioPlay":false,"sceneViewState":{"showFog":true,"showMaterialUpdate":false,"showSkybox":true,"showFlares":true,"showImageEffects":true,"showParticleSystems":true,"showVisualEffectGraphs":true,"m_FxEnabled":true},"in2DMode":false,"pivot":{"x":1.5324194431304932,"y":36.143558502197269,"z":-0.0169219970703125},"rotation":{"x":-0.022495567798614503,"y":0.014995635487139225,"z":0.0003374586231075227,"w":0.9996342658996582},"size":19.126914978027345,"orthographic":true}